{
    "labels": [1080777600000, 1085097600000, 1089417600000, 1093737600000, 1098057600000, 1102377600000, 1106697600000, 1111017600000, 1115337600000, 1119657600000, 1123977600000, 1128297600000, 1132617600000, 1136937600000, 1141257600000, 1145577600000, 1149897600000, 1154217600000, 1158537600000, 1162857600000, 1167177600000, 1171497600000, 1175817600000, 1180137600000, 1184457600000, 1188777600000, 1193097600000, 1197417600000, 1201737600000, 1206057600000, 1210377600000, 1214697600000, 1219017600000, 1223337600000, 1227657600000, 1231977600000, 1236297600000, 1240617600000, 1244937600000, 1249257600000, 1253577600000, 1257897600000, 1262217600000, 1266537600000, 1270857600000, 1275177600000, 1279497600000, 1283817600000, 1288137600000, 1292457600000, 1296777600000, 1301097600000, 1305417600000, 1309737600000, 1314057600000, 1318377600000, 1322697600000, 1327017600000, 1331337600000, 1335657600000, 1339977600000, 1344297600000, 1348617600000, 1352937600000, 1357257600000, 1361577600000, 1365897600000, 1370217600000, 1374537600000, 1378857600000, 1383177600000, 1387497600000, 1391817600000, 1396137600000, 1400457600000, 1404777600000, 1409097600000, 1413417600000, 1417737600000, 1422057600000, 1426377600000, 1430697600000, 1435017600000, 1439337600000, 1443657600000, 1447977600000, 1452297600000, 1456617600000, 1460937600000, 1465257600000, 1469577600000, 1473897600000, 1478217600000, 1482537600000, 1486857600000, 1491177600000, 1495497600000, 1499817600000, 1504137600000],
    "series": [
        [1.0, 1.0357445384, 1.1008251048, 1.1013583367, 1.0461676062, 1.0570843687, 1.0748461711, 1.0483122021, 1.0265012678, 0.9563578504, 0.9723509017, 0.9723509013, 0.9042332705, 0.8883466705, 0.9167706521, 0.9311446558, 1.0059884224, 1.2475156474, 1.2585042376, 1.2411324295, 1.4001903853, 1.235818812, 1.1812094622, 1.1230884588, 1.066362643, 1.2203623928, 1.2569706338, 1.2138651059, 1.2548148266, 1.3007299768, 1.2011003786, 0.8194855113, 0.8774870228, 0.9001990023, 0.9012818653, 0.9627912368, 0.8222705273, 1.1478295038, 1.2162906978, 1.2201759345, 1.0560922589, 0.9706825775, 1.1778162285, 1.132604718, 1.2445941045, 1.0954637492, 1.1077920625, 1.1078717942, 1.1833088177, 1.2904317872, 1.1868080091, 1.4627476466, 1.5400964104, 1.5087251154, 1.3306465955, 1.2726154281, 1.213531368, 1.3328045071, 1.4461581418, 1.4627160185, 1.4034389335, 1.566471795, 1.5497860911, 1.4308535184, 1.5760669081, 1.4778521723, 1.3898828228, 1.4125816743, 1.5002266421, 1.4812555996, 1.4758660072, 1.6837607102, 1.5893386768, 1.9942633374, 1.7750721777, 1.7419865777, 1.7281841867, 1.9316383782, 2.1098205204, 2.4562619807, 2.5248395489, 2.6650358317, 3.4226441883, 3.8229089106, 4.5391988764, 4.4880915932, 4.2327906813, 4.1369969347, 3.8708595137, 2.9552253146, 3.3883684275, 3.500030714, 3.3662177199, 4.2522984937, 4.2451370531, 4.7802161451, 5.165351514, 5.5783678465, 5.1341531351],
        [1.0, 1.2710848794, 1.4407606566, 2.0753046592, 2.1616580898, 2.0210985204, 2.1435801927, 1.9066293878, 1.6204860392, 1.0682760334, 0.9638579931, 1.3945808502, 1.4588377389, 1.6114488677, 2.0572329902, 1.8654663753, 1.8052265316, 1.3945862352, 1.7520141346, 1.0692856034, 1.0341482375, 1.3604491921, 2.2299237333, 2.6736918442, 2.2510123039, 4.7650724289, 4.4377613125, 7.1767236597, 9.8213095437, 6.051460205]
    ]
}