{
    "labels": [1080777600000, 1085097600000, 1089417600000, 1093737600000, 1098057600000, 1102377600000, 1106697600000, 1111017600000, 1115337600000, 1119657600000, 1123977600000, 1128297600000, 1132617600000, 1136937600000, 1141257600000, 1145577600000, 1149897600000, 1154217600000, 1158537600000, 1162857600000, 1167177600000, 1171497600000, 1175817600000, 1180137600000, 1184457600000, 1188777600000, 1193097600000, 1197417600000, 1201737600000, 1206057600000, 1210377600000, 1214697600000, 1219017600000, 1223337600000, 1227657600000, 1231977600000, 1236297600000, 1240617600000, 1244937600000, 1249257600000, 1253577600000, 1257897600000, 1262217600000, 1266537600000, 1270857600000, 1275177600000, 1279497600000, 1283817600000, 1288137600000, 1292457600000, 1296777600000, 1301097600000, 1305417600000, 1309737600000, 1314057600000, 1318377600000, 1322697600000, 1327017600000, 1331337600000, 1335657600000, 1339977600000, 1344297600000, 1348617600000, 1352937600000, 1357257600000, 1361577600000, 1365897600000, 1370217600000, 1374537600000, 1378857600000, 1383177600000, 1387497600000, 1391817600000, 1396137600000, 1400457600000, 1404777600000, 1409097600000, 1413417600000, 1417737600000, 1422057600000, 1426377600000, 1430697600000, 1435017600000, 1439337600000, 1443657600000, 1447977600000, 1452297600000, 1456617600000, 1460937600000, 1465257600000, 1469577600000, 1473897600000, 1478217600000, 1482537600000, 1486857600000, 1491177600000, 1495497600000, 1499817600000, 1504137600000],
    "series": [
        [1.0, 0.8053287899, 0.852073644, 0.7029602309, 0.6727825394, 0.6745567833, 0.6100574546, 0.618335492, 0.5994065796, 0.6260277872, 0.6573886869, 0.8070983082, 0.8680463674, 0.87278088, 0.9378696459, 0.9704081064, 0.9189287793, 0.9360885341, 1.0727749253, 0.8461593774, 0.8337332584, 0.7402415313, 0.6810695487, 0.7082886632, 0.8130171226, 0.6775132812, 0.5911225655, 0.5118323303, 0.4136067076, 0.3538429232, 0.4952633053, 0.3609427513, 0.3011791324, 0.2313562654, 0.1414146735, 0.1769177591, 0.1721840047, 0.2875690075, 0.3236638127, 0.4005871298, 0.5106466738, 0.4449654826, 0.6248534972, 0.5266283214, 0.6349126932, 0.5378712099, 0.4988178612, 0.3991432772, 0.4715990412, 0.4763330075, 0.6538484882, 0.6834343896, 0.6153867187, 0.4633154109, 0.3349125234, 0.3076930919, 0.3485214241, 0.4591721677, 0.4928991976, 0.3887594459, 0.3514815703, 0.4035508583, 0.3514828635, 0.3236731621, 0.4118384595, 0.4745586214, 0.5923061848, 0.6940778897, 0.8070938397, 0.9757296477, 1.0461387811, 1.3118103531, 1.4502721388, 1.2964307013, 1.594051692, 1.9603077525, 1.9523160586, 1.6745146526, 2.1591186554, 1.8313155835, 1.6990702927, 1.6964077402, 1.4490769928, 1.0763049609, 0.8739430318, 0.9129969214, 0.7887389178, 0.6331241448, 0.6443651555, 0.7692123528, 0.8396263695, 1.0325174787, 0.9869617312, 1.3762960622, 1.4230437268, 1.694634768, 1.6739248306, 1.8609029074, 1.8916716723],
        [1.0, 0.8611973455, 0.953218192, 1.1387943747, 1.1065892096, 1.0291386774, 1.1702388891, 1.1111960711, 1.2108860368, 1.1495425452, 1.3266850527, 1.3343532379, 1.2983110472, 1.3757629009, 1.3052136964, 1.5973868542, 1.686346499, 1.5490815704, 1.4317435786, 1.6441628089, 1.5345022789, 1.6618031676, 1.3742296183, 1.1894180345, 1.2546010782, 1.195557215, 1.1909588842, 1.3957072097, 1.4539838543, 1.7269822801, 1.7737599443, 1.7415475708, 1.6510655115, 1.803664167, 1.6165611849, 1.5276120901, 1.4424895774, 1.4447910022, 1.5161117758, 1.4187261859, 1.5099760537, 1.5874306514, 1.4624349082, 1.1050730787, 1.009216947, 1.1434192411, 1.2040054882, 1.1564662394, 1.2714957081, 1.2661292724, 1.3313107916, 1.4287005882, 1.3359079008, 1.4333011337, 1.6319143718, 1.5912727929, 1.4325317333, 1.5874379426, 1.6058413842, 1.710135027, 1.7645855872, 1.7270078326, 1.5889752627, 1.7323777098, 1.8903367003, 1.859666138, 1.6464850477, 1.825167581, 1.805619198, 1.904931854, 1.8451218138, 1.9225789026, 2.10508359, 1.9785468785, 2.0498661527, 1.9609121185, 1.6518629904, 1.7791672578, 1.7193452793, 1.7737935052, 1.9931257859, 2.0145999364, 2.1334700226, 2.321514497]
    ]
}