{
    "labels": [1080777600000, 1085097600000, 1089417600000, 1093737600000, 1098057600000, 1102377600000, 1106697600000, 1111017600000, 1115337600000, 1119657600000, 1123977600000, 1128297600000, 1132617600000, 1136937600000, 1141257600000, 1145577600000, 1149897600000, 1154217600000, 1158537600000, 1162857600000, 1167177600000, 1171497600000, 1175817600000, 1180137600000, 1184457600000, 1188777600000, 1193097600000, 1197417600000, 1201737600000, 1206057600000, 1210377600000, 1214697600000, 1219017600000, 1223337600000, 1227657600000, 1231977600000, 1236297600000, 1240617600000, 1244937600000, 1249257600000, 1253577600000, 1257897600000, 1262217600000, 1266537600000, 1270857600000, 1275177600000, 1279497600000, 1283817600000, 1288137600000, 1292457600000, 1296777600000, 1301097600000, 1305417600000, 1309737600000, 1314057600000, 1318377600000, 1322697600000, 1327017600000, 1331337600000, 1335657600000, 1339977600000, 1344297600000, 1348617600000, 1352937600000, 1357257600000, 1361577600000, 1365897600000, 1370217600000, 1374537600000, 1378857600000, 1383177600000, 1387497600000, 1391817600000, 1396137600000, 1400457600000, 1404777600000, 1409097600000, 1413417600000, 1417737600000, 1422057600000, 1426377600000, 1430697600000, 1435017600000, 1439337600000, 1443657600000, 1447977600000, 1452297600000, 1456617600000, 1460937600000, 1465257600000, 1469577600000, 1473897600000, 1478217600000, 1482537600000, 1486857600000],
    "series": [
        [1.0, 0.8362591108, 0.9671607476, 1.1155774126, 1.2211666892, 1.4486579104, 1.4452537335, 1.7274870445, 2.1546012896, 2.5155573019, 3.0161979903, 3.2972955353, 3.0112717248, 2.875547797, 2.9902488334, 2.7563782772, 2.4618080094, 2.7121387214, 2.7954993387, 3.1732608965, 3.4314011268, 3.5470028966, 3.6643417792, 4.0475163626, 4.3252047482, 4.0831233921, 4.7852848232, 4.4158904017, 4.5401240929, 5.4633687815, 7.2204640963, 12.2413087396, 8.7930414157, 4.3317792436, 5.9072173526, 6.7919836116, 6.3404091628, 8.0862825832, 10.3485002833, 9.8595610678, 10.59835556, 10.4344697492, 10.1710746846, 10.3517792993, 10.392163898, 9.1815145396, 9.5145996975, 12.4878356647, 14.1517793282, 14.6437865094, 14.8996412522, 15.1065279275, 15.7572339509, 18.0095914898, 16.7577469458, 14.7070761434, 15.9563274511, 16.0485472427, 16.1368277534, 16.362192617, 15.1870423996, 16.7469866717, 17.3224451017, 16.2480957189, 16.4859088022, 15.6090685564, 14.837355288, 13.2925189271, 11.0617453112, 9.2971372007, 8.048804272, 7.0831836005, 7.6433186461, 9.1642799474, 8.6733726658, 8.9731241875, 8.3369196875, 7.0407688368, 7.4610682222, 7.4817519675, 6.9190056934, 6.7463676271, 5.1964676915, 4.4017019432, 4.677747975, 5.5851460087, 5.2354259288, 5.6559501688, 6.8230190013, 7.7573792679, 7.8891901131, 8.1483774908, 9.1761983487, 9.0778974662, 10.5862010915],
        [1.0, 0.8143554418, 0.5397846606, 0.5460270772, 0.8502398339, 0.8705235105, 0.7160777065, 0.6209262208, 0.6926915659, 0.7316944693, 1.1170275628, 1.4664936054, 2.324557562, 1.6693089212, 1.7800771877, 1.8190800927, 1.5476198648, 1.4493325148, 1.9953732731, 2.3901029112, 2.1607639593, 2.0733966208, 1.9439214892, 2.1873017807, 2.8394202346, 2.6490845251, 2.9377067379, 2.8893442327, 2.4603243631, 2.5102326881, 2.3401943173, 2.6412835893, 3.0219552765, 2.1826055768, 2.1108377937, 1.9173819382, 1.4899068424, 1.4883466833, 2.1841794998, 2.3698192159, 2.7099270545, 2.1997665536, 2.149842525, 2.035954132, 2.2340889027, 1.8253379822, 1.8877429359, 1.8050564223, 1.7629334745, 2.2138091887, 2.0531169272, 1.8487415171, 2.2481318412, 2.3869826586, 2.232530861, 2.5741969182, 2.7395695877, 2.3214648963, 2.5180347979, 2.6194463475, 2.4727986383, 2.5102400463, 2.9142979297, 2.5929165946, 3.3760852326, 3.4993238911, 3.4837165582, 3.8066429474, 4.5149154584, 4.2582730384, 3.8475104456, 4.2965004876, 4.4322265372, 4.2746577594, 3.2247379355, 3.3074151478, 3.716163666, 4.2840271791, 3.8924391085, 3.7941546632, 4.0110079241, 3.6007019013, 3.6381450686, 3.2964836663, 2.9548222631, 3.2247246078, 2.7957035951, 2.5757427591, 2.8612360667, 2.7052208898, 3.2839958342, 3.3620042763, 2.9298672373, 3.2294067819, 3.1482835249, 3.5601525805, 3.8394096922, 4.2559564902, 5.4509947663]
    ]
}